{"cameraMode":{"drawMode":0,"name":"Shaded","section":"Shading Mode"},"sceneLighting":true,"audioPlay":false,"sceneViewState":{"m_AlwaysRefresh":false,"showFog":true,"showSkybox":true,"showFlares":true,"showImageEffects":true,"showParticleSystems":true,"showVisualEffectGraphs":true,"m_FxEnabled":true},"in2DMode":false,"pivot":{"x":-0.07438826560974121,"y":4.788712024688721,"z":4.235307693481445},"rotation":{"x":0.025812143459916116,"y":0.9682015776634216,"z":-0.22191311419010163,"w":0.112622931599617},"size":1.6433489322662354,"orthographic":false}